{
	"easycom": {
		"^u-(.*)": "uview-ui/components/u-$1/u-$1.vue"
	},
	"pages": [ //pages数组中第一项表示应用启动页，参考：https://uniapp.dcloud.io/collocation/pages
		// {
		// 	"path": "pages/index/index",
		// 	"style": {
		// 		"navigationBarTitleText": "index",
		// 		"enablePullDownRefresh": false
		// 	}

		// },
		{
			"path": "pages/login/login",
			"style": {
				"navigationBarTitleText": "login",
				"enablePullDownRefresh": false
			}
		
		},
		{
			"path": "pages/selfInfomation/selfInfomation",
			"style": {
				"navigationBarTitleText": "selfInfomation",
				"enablePullDownRefresh": false
			}

		}, {
			"path": "pages/schedule/schedule",
			"style": {
				"navigationBarTitleText": "schedule",
				"enablePullDownRefresh": false
			}

		}, {
			"path": "pages/classInformation/classInformation",
			"style": {
				"navigationBarTitleText": "classInformation",
				"enablePullDownRefresh": false
			}

		}, {
			"path": "pages/timetable/timetable",
			"style": {
				"navigationBarTitleText": "timetable",
				"enablePullDownRefresh": false
			}
		},{
			"path": "pages/studentInfo/studentInfo",
			"style": {
				"navigationBarTitleText": "studentInfo",
				"enablePullDownRefresh": false
			}
		},{
			"path": "pages/class/class",
			"style": {
				"navigationBarTitleText": "class",
				"enablePullDownRefresh": false
			}
		},{
			"path": "pages/subject/subject",
			"style": {
				"navigationBarTitleText": "subject",
				"enablePullDownRefresh": false
			}
		},{
			"path": "pages/userInfo/userInfo",
			"style": {
				"navigationBarTitleText": "userInfo",
				"enablePullDownRefresh": false
			}
		},{
            "path" : "pages/classInfo/classInfo",
            "style" :                                                                                 
            {
                "navigationBarTitleText": "classInfo",
                "enablePullDownRefresh": false
            }
            
        },{
            "path" : "pages/AddClass/AddClass",
            "style" :                                                                                 
            {
                "navigationBarTitleText": "AddClass",
                "enablePullDownRefresh": false
            }
            
        }
    ],
	"tabBar": {
		"color": "#7A7E83",
		"selectedColor": "#007AFF",
		"borderStyle": "black",
		"backgroundColor": "#F8F8F8",
		"list": [
			//权限1
			{
				"pagePath": "pages/schedule/schedule",
				"text": "schedule"
			},
			//权限2
			{
				"pagePath": "pages/classInformation/classInformation",
				"text": "classInformation"
			},
			{
				"pagePath": "pages/timetable/timetable",
				"text": "timetable"
			},
			{
				"pagePath": "pages/selfInfomation/selfInfomation",
				"text": "selfInfomation"
			},
			{
				"pagePath": "pages/class/class",
				"text": "class"
			},
			{
				"pagePath": "pages/subject/subject",
				"text": "subject"
			},
			{
				"pagePath": "pages/userInfo/userInfo",
				"text": "userInfo"
			}
		]
	},
	"globalStyle": {
		"navigationBarTextStyle": "black",
		"navigationBarTitleText": "uni-app",
		"navigationBarBackgroundColor": "#F8F8F8",
		"backgroundColor": "#F8F8F8"
	},
	"uniIdRouter": {}
}
